Unnamed: 0,number of trials,number of parameters,type of function,accuracy [calc. max/ actual max],time per trial [s],type_of_opt
0,12,2,linear,0.566602223,0.024359087,CMA-ES
1,11,2,linear,0.672382945,0.023184906,CMA-ES
2,10,2,linear,0.388417076,0.027567315,CMA-ES
3,11,2,linear,0.793434172,0.014927994,CMA-ES
4,11,2,linear,0.248026897,0.025309801,CMA-ES
5,5,2,linear,0.542612029,0.025239801,CMA-ES
6,12,2,linear,0.424420031,0.015053729,CMA-ES
7,12,2,linear,0.401066995,0.020065268,CMA-ES
8,12,2,linear,0.437149741,0.022586763,CMA-ES
9,12,2,linear,0.778219516,0.014741659,CMA-ES
10,7,2,linear,0.85365949,0.02377459,CMA-ES
11,11,2,linear,0.636918771,0.013900193,CMA-ES
12,12,2,linear,0.849493697,0.034651001,CMA-ES
13,12,2,linear,0.837500219,0.029003739,CMA-ES
14,18,2,linear,0.735821852,0.026532571,CMA-ES
15,6,2,linear,0.583331659,0.014079849,CMA-ES
16,9,2,linear,0.211709906,0.02848355,CMA-ES
17,16,2,linear,0.775385563,0.016666502,CMA-ES
18,17,2,linear,0.887288849,0.026954945,CMA-ES
19,19,2,linear,1.012903623,0.118178895,CMA-ES
20,15,2,linear,0.667741749,0.021542072,CMA-ES
21,12,2,linear,0.675158196,0.016674002,CMA-ES
22,14,2,linear,0.870616426,0.022076624,CMA-ES
23,17,2,linear,0.810692696,0.121590348,CMA-ES
24,14,2,linear,0.678791291,0.032503418,CMA-ES
25,10,2,linear,0.655030582,0.025771308,CMA-ES
26,16,2,linear,0.892660999,0.015834391,CMA-ES
27,9,2,linear,0.523263528,0.014472749,CMA-ES
28,9,2,linear,0.498175017,0.026806222,CMA-ES
29,18,2,linear,0.731984212,0.034344448,CMA-ES
30,8,2,linear,0.859190877,0.023911119,CMA-ES
31,19,2,linear,0.654692072,0.035024367,CMA-ES
32,15,2,linear,0.887969559,0.01935633,CMA-ES
33,6,2,linear,0.488646066,0.02269733,CMA-ES
34,11,2,linear,0.541079056,0.010071993,CMA-ES
35,19,2,linear,1.01145949,0.023390419,CMA-ES
36,12,2,linear,0.795168444,0.028441588,CMA-ES
37,9,2,linear,0.857789373,0.020452976,CMA-ES
38,7,2,linear,0.459688374,0.022160155,CMA-ES
39,15,2,linear,0.264385427,0.015929604,CMA-ES
40,10,2,linear,0.902695462,0.022344089,CMA-ES
41,10,2,linear,0.731970671,0.013910198,CMA-ES
42,12,2,linear,0.926057549,0.027492583,CMA-ES
43,11,2,linear,0.611999467,0.023175261,CMA-ES
44,8,2,linear,0.487580014,0.017670006,CMA-ES
45,15,2,linear,0.7926926,0.017071009,CMA-ES
46,8,2,linear,0.682924713,0.026859134,CMA-ES
47,7,2,linear,0.95541986,0.013293709,CMA-ES
48,9,2,linear,0.903113333,0.028875642,CMA-ES
49,17,2,linear,0.597404561,0.016851762,CMA-ES
50,9,2,linear,0.767638636,0.133743445,L-BFGS-B
51,7,2,linear,0.454295138,0.158407279,L-BFGS-B
52,12,2,linear,0.964946744,0.139664094,L-BFGS-B
53,13,2,linear,0.922279544,0.189251753,L-BFGS-B
54,11,2,linear,0.76965776,0.081805836,L-BFGS-B
55,10,2,linear,0.681316215,0.077878213,L-BFGS-B
56,14,2,linear,0.313490808,0.090541209,L-BFGS-B
57,11,2,linear,0.531454601,0.109744831,L-BFGS-B
58,10,2,linear,0.914517653,0.131347203,L-BFGS-B
59,18,2,linear,0.530491422,0.17315854,L-BFGS-B
60,7,2,linear,0.665794587,0.066034283,L-BFGS-B
61,16,2,linear,0.65301126,0.139114425,L-BFGS-B
62,12,2,linear,0.970883219,0.103306174,L-BFGS-B
63,10,2,linear,0.664556027,0.118235087,L-BFGS-B
64,17,2,linear,0.911529116,0.140756116,L-BFGS-B
65,5,2,linear,0.604584491,0.122993565,L-BFGS-B
66,12,2,linear,0.661903945,0.137289842,L-BFGS-B
67,11,2,linear,0.658934965,0.121657653,L-BFGS-B
68,14,2,linear,0.707575275,0.132117152,L-BFGS-B
69,19,2,linear,0.892686451,0.15582426,L-BFGS-B
70,11,2,linear,1.007716145,0.049475475,L-BFGS-B
71,12,2,linear,0.732383372,0.159409583,L-BFGS-B
72,9,2,linear,0.481963583,0.17566265,L-BFGS-B
73,12,2,linear,0.778525447,0.052623173,L-BFGS-B
74,15,2,linear,1.031719351,0.111866331,L-BFGS-B
75,5,2,linear,0.65271868,0.090833569,L-BFGS-B
76,14,2,linear,0.750610387,0.125610709,L-BFGS-B
77,12,2,linear,0.863185713,0.143701673,L-BFGS-B
78,13,2,linear,0.825788426,0.164294775,L-BFGS-B
79,9,2,linear,0.802907633,0.101979229,L-BFGS-B
80,7,2,linear,0.92621524,0.111101832,L-BFGS-B
81,13,2,linear,0.651145187,0.080220864,L-BFGS-B
82,14,2,linear,0.877365651,0.118274144,L-BFGS-B
83,15,2,linear,0.802382735,0.086529684,L-BFGS-B
84,8,2,linear,0.561001397,0.06302765,L-BFGS-B
85,5,2,linear,0.513934951,0.126711941,L-BFGS-B
86,6,2,linear,0.980315829,0.148574988,L-BFGS-B
87,11,2,linear,0.490670025,0.154380452,L-BFGS-B
88,9,2,linear,0.982232331,0.123623927,L-BFGS-B
89,13,2,linear,0.494393941,0.136497938,L-BFGS-B
90,12,2,linear,0.796288911,0.19751517,L-BFGS-B
91,7,2,linear,0.616816985,0.097891671,L-BFGS-B
92,6,2,linear,0.837890861,0.113300999,L-BFGS-B
93,15,2,linear,0.765609829,0.15227588,L-BFGS-B
94,10,2,linear,0.848141257,0.1840096,L-BFGS-B
95,12,2,linear,0.581805474,0.148116171,L-BFGS-B
96,13,2,linear,0.403936259,0.163680003,L-BFGS-B
97,15,2,linear,0.602187226,0.112369394,L-BFGS-B
98,9,2,linear,0.932018744,0.15472579,L-BFGS-B
99,13,2,linear,0.631166906,0.111215298,L-BFGS-B
100,5,2,Trig,0.818692347,0.021965647,CMA-ES
101,5,2,Trig,0.286064046,0.022603321,CMA-ES
102,20,2,Trig,0.637339597,0.017482293,CMA-ES
103,15,2,Trig,0.346998363,0.016770204,CMA-ES
104,17,2,Trig,0.493192113,0.014632001,CMA-ES
105,8,2,Trig,0.416813814,0.021753997,CMA-ES
106,8,2,Trig,0.600509629,0.012751251,CMA-ES
107,4,2,Trig,0.034791832,0.012623727,CMA-ES
108,9,2,Trig,0.128351083,0.01792166,CMA-ES
109,14,2,Trig,0.175676112,0.009435722,CMA-ES
110,10,2,Trig,0.338786553,0.025821114,CMA-ES
111,10,2,Trig,0.798625882,0.020124006,CMA-ES
112,8,2,Trig,0.241963535,0.018330872,CMA-ES
113,12,2,Trig,0.225686248,0.017684817,CMA-ES
114,11,2,Trig,0.264544255,0.013244456,CMA-ES
115,8,2,Trig,0.722801164,0.008098125,CMA-ES
116,14,2,Trig,0.205231707,0.030955502,CMA-ES
117,17,2,Trig,0.908495265,0.033783352,CMA-ES
118,9,2,Trig,0.209828753,0.02347268,CMA-ES
119,8,2,Trig,0.817460682,0.027339399,CMA-ES
120,8,2,Trig,0.381635294,0.019327134,CMA-ES
121,11,2,Trig,0.19358971,0.026272839,CMA-ES
122,16,2,Trig,0.784982333,0.019770056,CMA-ES
123,7,2,Trig,0.385888007,0.012896674,CMA-ES
124,13,2,Trig,0.110857156,0.012784151,CMA-ES
125,5,2,Trig,0.233011298,0.022325611,CMA-ES
126,11,2,Trig,0.450197543,0.012220079,CMA-ES
127,6,2,Trig,0.056436654,0.017369986,CMA-ES
128,13,2,Trig,0.186737893,0.021740382,CMA-ES
129,10,2,Trig,0.250561991,0.006560206,CMA-ES
130,12,2,Trig,0.300016658,0.017251909,CMA-ES
131,5,2,Trig,0.406188219,0.020462227,CMA-ES
132,7,2,Trig,0.18453283,0.010514021,CMA-ES
133,7,2,Trig,0.698497563,0.024563994,CMA-ES
134,16,2,Trig,0.480506788,0.021321252,CMA-ES
135,13,2,Trig,0.246977391,0.025982838,CMA-ES
136,9,2,power,0.273763109,0.171415011,L-BFGS-B
137,13,2,power,0.405814234,0.173665322,L-BFGS-B
138,12,2,power,1.026406583,0.206633826,L-BFGS-B
139,16,2,power,0.960022863,0.13624388,L-BFGS-B
140,14,2,power,0.320597367,0.149181638,L-BFGS-B
141,18,2,power,1.030728613,0.140195555,L-BFGS-B
142,10,2,power,0.78412623,0.217277408,L-BFGS-B
143,19,2,power,0.921988804,0.155441535,L-BFGS-B
144,16,2,power,0.974426427,0.099977046,L-BFGS-B
145,11,2,power,0.494158904,0.089300351,L-BFGS-B
146,11,2,power,0.624941908,0.146610368,L-BFGS-B
147,12,2,power,0.798487878,0.135767221,L-BFGS-B
148,17,2,power,0.538066494,0.171262292,L-BFGS-B
149,10,2,power,0.031731797,0.190399504,L-BFGS-B
150,17,2,power,0.934428944,0.124473249,L-BFGS-B
151,8,2,power,0.259179134,0.095369637,L-BFGS-B
152,17,2,power,0.515360438,0.127328354,L-BFGS-B
153,18,2,power,1.038669683,0.987625268,L-BFGS-B
154,16,2,power,0.953045375,0.151607931,L-BFGS-B
155,10,2,power,0.292835315,0.121308899,L-BFGS-B
156,9,2,power,0.417944734,0.084497134,L-BFGS-B
157,13,2,power,1.023139938,0.066894073,L-BFGS-B
158,10,2,power,0.869681487,0.201502633,L-BFGS-B
159,8,2,power,0.228237092,0.065855116,L-BFGS-B
160,10,2,power,0.74058179,0.076683092,L-BFGS-B
161,7,2,power,0.526257495,0.064175027,L-BFGS-B
162,6,2,power,0.309747367,0.150004705,L-BFGS-B
163,14,2,power,0.910489753,0.146064997,L-BFGS-B
164,12,2,power,0.429976279,0.13128984,L-BFGS-B
165,8,2,power,0.505573104,0.165994495,L-BFGS-B
166,10,2,power,0.140686328,0.098220706,L-BFGS-B
167,10,2,power,0.468065581,0.078299499,L-BFGS-B
168,15,2,power,0.78923928,0.142235994,L-BFGS-B
169,12,2,power,0.456489436,0.137054165,L-BFGS-B
170,12,2,power,0.515091391,0.100560427,L-BFGS-B
171,8,2,power,1.025626918,0.163334966,L-BFGS-B
172,12,2,power,0.790972652,0.092152655,L-BFGS-B
173,17,2,power,1.038284841,1.019626758,L-BFGS-B
174,10,2,power,0.801837768,0.176170897,L-BFGS-B
175,18,2,power,0.737825182,0.126877613,L-BFGS-B
176,13,2,power,0.727148837,0.147848019,L-BFGS-B
177,16,2,power,0.783574335,0.121697873,L-BFGS-B
178,18,2,power,0.91785944,0.144437671,L-BFGS-B
179,12,2,power,1.038370279,0.4028699,L-BFGS-B
180,14,2,power,0.896012341,0.095194067,L-BFGS-B
181,9,2,power,0.507673829,0.17795878,L-BFGS-B
182,14,2,power,0.870579063,0.133961848,L-BFGS-B
183,6,2,power,1.025741529,0.154456973,L-BFGS-B
184,13,2,power,1.022347899,0.160551236,L-BFGS-B
185,7,2,power,0.739335122,0.097477879,L-BFGS-B
186,5,2,Trig,0.818692347,0.021965647,CMA-ES
187,5,2,Trig,0.286064046,0.022603321,CMA-ES
188,20,2,Trig,0.637339597,0.017482293,CMA-ES
189,15,2,Trig,0.346998363,0.016770204,CMA-ES
190,17,2,Trig,0.493192113,0.014632001,CMA-ES
191,8,2,Trig,0.416813814,0.021753997,CMA-ES
192,8,2,Trig,0.600509629,0.012751251,CMA-ES
193,4,2,Trig,0.034791832,0.012623727,CMA-ES
194,9,2,Trig,0.128351083,0.01792166,CMA-ES
195,14,2,Trig,0.175676112,0.009435722,CMA-ES
196,10,2,Trig,0.338786553,0.025821114,CMA-ES
197,10,2,Trig,0.798625882,0.020124006,CMA-ES
198,8,2,Trig,0.241963535,0.018330872,CMA-ES
199,12,2,Trig,0.225686248,0.017684817,CMA-ES
200,11,2,Trig,0.264544255,0.013244456,CMA-ES
201,8,2,Trig,0.722801164,0.008098125,CMA-ES
202,14,2,Trig,0.205231707,0.030955502,CMA-ES
203,17,2,Trig,0.908495265,0.033783352,CMA-ES
204,9,2,Trig,0.209828753,0.02347268,CMA-ES
205,8,2,Trig,0.817460682,0.027339399,CMA-ES
206,8,2,Trig,0.381635294,0.019327134,CMA-ES
207,11,2,Trig,0.19358971,0.026272839,CMA-ES
208,16,2,Trig,0.784982333,0.019770056,CMA-ES
209,7,2,Trig,0.385888007,0.012896674,CMA-ES
210,13,2,Trig,0.110857156,0.012784151,CMA-ES
211,5,2,Trig,0.233011298,0.022325611,CMA-ES
212,11,2,Trig,0.450197543,0.012220079,CMA-ES
213,6,2,Trig,0.056436654,0.017369986,CMA-ES
214,13,2,Trig,0.186737893,0.021740382,CMA-ES
215,10,2,Trig,0.250561991,0.006560206,CMA-ES
216,12,2,Trig,0.300016658,0.017251909,CMA-ES
217,5,2,Trig,0.406188219,0.020462227,CMA-ES
218,7,2,Trig,0.18453283,0.010514021,CMA-ES
219,7,2,Trig,0.698497563,0.024563994,CMA-ES
220,16,2,Trig,0.480506788,0.021321252,CMA-ES
221,13,2,Trig,0.246977391,0.025982838,CMA-ES
222,13,2,trig,0.161196813,0.16564714,L-BFGS-B
223,11,2,trig,0.267364827,0.130102721,L-BFGS-B
224,14,2,trig,0.148769305,0.080897944,L-BFGS-B
225,13,2,trig,0.285706783,0.162086248,L-BFGS-B
226,12,2,trig,0.197344882,0.201139152,L-BFGS-B
227,20,2,trig,0.463692191,0.154380143,L-BFGS-B
228,9,2,trig,0.369327243,0.147678322,L-BFGS-B
229,14,2,trig,0.15791124,0.104523659,L-BFGS-B
230,15,2,trig,0.262557867,0.136461465,L-BFGS-B
231,16,2,trig,0.89162987,0.170143321,L-BFGS-B
232,7,2,trig,0.211562806,0.075166021,L-BFGS-B
233,12,2,trig,0.859684272,0.157576064,L-BFGS-B
234,13,2,trig,0.082220357,0.172627596,L-BFGS-B
235,13,2,trig,0.51552225,0.176434315,L-BFGS-B
236,8,2,trig,0.077485798,0.151937366,L-BFGS-B
237,16,2,trig,0.222069507,0.153048009,L-BFGS-B
238,14,2,trig,0.198275867,0.179697224,L-BFGS-B
239,17,2,trig,0.747863981,0.142323284,L-BFGS-B
240,19,2,trig,0.131918871,0.165584263,L-BFGS-B
241,11,2,trig,0.407028169,0.165204633,L-BFGS-B
242,8,2,trig,0.299809311,0.146492749,L-BFGS-B
243,12,2,trig,0.111135938,0.13422658,L-BFGS-B
244,12,2,trig,0.219230139,0.169226666,L-BFGS-B
245,10,2,trig,0.333030754,0.110343814,L-BFGS-B
246,13,2,trig,0.461680597,0.106884773,L-BFGS-B
247,13,2,trig,0.406663354,0.085196458,L-BFGS-B
248,16,2,trig,0.20992656,0.13835901,L-BFGS-B
249,9,2,trig,0.211939702,0.061356412,L-BFGS-B
250,15,2,trig,0.322627864,0.125124598,L-BFGS-B
251,18,2,trig,0.277188672,0.143605285,L-BFGS-B
252,8,2,trig,0.099520529,0.168271631,L-BFGS-B
253,8,2,trig,0.091248648,0.110490888,L-BFGS-B
254,11,2,trig,0.568497354,0.158796636,L-BFGS-B
255,16,2,trig,0.152780383,0.15329656,L-BFGS-B
256,7,2,trig,0.139947098,0.071508101,L-BFGS-B
257,16,2,trig,0.132108103,0.154892877,L-BFGS-B
258,8,2,trig,0.09478619,0.085741967,L-BFGS-B
259,11,2,trig,0.387669721,0.122424906,L-BFGS-B
260,10,2,trig,0.474985534,0.089945912,L-BFGS-B
261,12,2,trig,0.722760644,0.108065267,L-BFGS-B
262,10,2,trig,0.417565273,0.052294517,L-BFGS-B
263,12,2,trig,0.182266042,0.052361608,L-BFGS-B
264,9,2,trig,0.53924914,0.11843435,L-BFGS-B
265,11,2,linear,0.58720004,0.188158382,L-BFGS-B
266,9,2,linear,0.900636629,0.166191657,L-BFGS-B
267,13,2,linear,0.828660476,0.129132619,L-BFGS-B
268,14,2,linear,0.680348772,0.134141837,L-BFGS-B
269,9,2,linear,1.003165252,0.177649339,L-BFGS-B
270,7,2,linear,0.839066199,0.161182165,L-BFGS-B
271,16,2,linear,0.568945562,0.134259447,L-BFGS-B
272,19,2,linear,0.937528223,0.133376096,L-BFGS-B
273,11,2,linear,0.892383135,0.16141963,L-BFGS-B
274,11,2,linear,0.318537203,0.050245567,L-BFGS-B
275,17,2,linear,0.548524327,0.133722768,L-BFGS-B
276,6,2,linear,0.309949375,0.070561647,L-BFGS-B
277,12,2,linear,0.856264694,0.195050895,L-BFGS-B
278,13,2,linear,0.958608969,0.168574021,L-BFGS-B
279,9,2,linear,0.844054264,0.116632117,L-BFGS-B
280,8,2,linear,0.95582804,0.090041637,L-BFGS-B
281,11,2,linear,0.74142796,0.046620261,L-BFGS-B
282,10,2,linear,0.935885187,0.120808601,L-BFGS-B
283,18,2,linear,0.437157636,0.128651447,L-BFGS-B
284,17,2,linear,0.808638943,0.105318644,L-BFGS-B
285,7,2,linear,0.809348881,0.119555746,L-BFGS-B
286,18,2,linear,0.931580682,0.118602051,L-BFGS-B
287,12,2,linear,0.67273943,0.12209626,L-BFGS-B
288,15,2,linear,0.571201062,0.137878942,L-BFGS-B
289,15,2,linear,0.586403144,0.164003547,L-BFGS-B
290,11,2,linear,0.609052209,0.153182181,L-BFGS-B
291,19,2,linear,0.844194819,0.142823897,L-BFGS-B
292,13,2,linear,0.894593677,0.074805223,L-BFGS-B
293,13,2,linear,0.298512723,0.171312479,L-BFGS-B
294,10,2,linear,0.802511624,0.055438995,L-BFGS-B
295,8,2,linear,0.873491842,0.065779865,L-BFGS-B
296,5,2,linear,0.433504598,0.088505983,L-BFGS-B
297,8,2,linear,0.688649823,0.087693721,L-BFGS-B
298,10,2,linear,0.73452556,0.115795898,L-BFGS-B
299,14,2,linear,0.811220346,0.145905495,L-BFGS-B
300,12,2,linear,0.336718147,0.108726998,L-BFGS-B
301,14,2,linear,0.908179227,0.185396722,L-BFGS-B
302,14,2,linear,0.499633544,0.18474555,L-BFGS-B
303,10,2,linear,0.345113417,0.185201216,L-BFGS-B
304,12,2,linear,1.01508126,0.16601793,L-BFGS-B
305,13,2,linear,0.913890759,0.060164928,L-BFGS-B
306,6,2,linear,0.262404307,0.086179018,L-BFGS-B
307,13,2,linear,0.587733665,0.132865539,L-BFGS-B
308,14,2,linear,0.574716469,0.131339346,L-BFGS-B
309,5,2,linear,0.213612831,0.094152403,L-BFGS-B
310,12,2,linear,0.746510773,0.189491411,L-BFGS-B
311,12,2,linear,0.941311831,0.082297583,L-BFGS-B
312,8,2,linear,0.426058224,0.133362144,L-BFGS-B
313,12,4,linear,0.826144501,0.016593973,CMA-ES
314,14,4,linear,0.358551998,0.016420432,CMA-ES
315,6,4,linear,0.87653402,0.017489354,CMA-ES
316,9,4,linear,0.791382132,0.011494663,CMA-ES
317,15,4,linear,0.947534145,0.013234329,CMA-ES
318,11,4,linear,0.994997128,0.012457826,CMA-ES
319,16,4,linear,0.860105598,0.014479205,CMA-ES
320,19,4,linear,0.804202617,0.017674208,CMA-ES
321,15,4,linear,0.881090744,0.011026748,CMA-ES
322,4,4,linear,0.964489609,0.022066534,CMA-ES
323,9,4,linear,0.79237572,0.017213027,CMA-ES
324,11,4,linear,0.942652401,0.011115811,CMA-ES
325,5,4,linear,0.59396964,0.017042446,CMA-ES
326,15,4,linear,0.746540368,0.022633743,CMA-ES
327,6,4,linear,0.016689907,0.022204359,CMA-ES
328,19,4,linear,0.460385421,0.015481472,CMA-ES
329,15,4,linear,0.610811749,0.017891328,CMA-ES
330,9,4,linear,0.900985932,0.025552564,CMA-ES
331,6,4,linear,0.579929754,0.01226298,CMA-ES
332,6,4,linear,1.002914571,0.011745691,CMA-ES
333,15,4,linear,0.721034854,0.011172533,CMA-ES
334,19,4,linear,0.680561937,0.015557477,CMA-ES
335,11,4,linear,0.512406689,0.017853737,CMA-ES
336,13,4,linear,0.977335906,0.022554361,CMA-ES
337,11,4,linear,0.974740609,0.026633284,CMA-ES
338,15,4,linear,0.766510825,0.019374927,CMA-ES
339,14,4,linear,0.412723789,0.013655935,CMA-ES
340,11,4,linear,0.118764259,0.014720722,CMA-ES
341,10,4,linear,0.470803934,0.016303802,CMA-ES
342,11,4,linear,1.027404936,0.009487607,CMA-ES
343,17,4,linear,0.746885221,0.015083762,CMA-ES
344,14,4,linear,0.732684145,0.016131571,CMA-ES
345,16,4,linear,0.815671941,0.017827868,CMA-ES
346,14,4,linear,0.71658055,0.009565643,CMA-ES
347,11,4,linear,0.575236088,0.02373975,CMA-ES
348,8,4,linear,0.332334627,0.020813376,CMA-ES
349,12,4,linear,0.139945935,0.019150913,CMA-ES
350,11,4,linear,0.697371007,0.009380189,CMA-ES
351,9,4,linear,0.424756071,0.007939551,CMA-ES
352,7,4,power,0.015030177,0.020436866,CMA-ES
353,12,4,power,0.525645445,0.023134927,CMA-ES
354,9,4,power,0.33787017,0.021751881,CMA-ES
355,18,4,power,0.355235853,0.017319057,CMA-ES
356,11,4,power,0.506290926,0.015717636,CMA-ES
357,8,4,power,0.698026628,0.017680109,CMA-ES
358,9,4,power,1.049557013,0.012388892,CMA-ES
359,7,4,power,0.002987288,0.023989575,CMA-ES
360,19,4,power,0.096862791,0.015665744,CMA-ES
361,13,4,power,0.779734969,0.027735233,CMA-ES
362,8,4,power,0.390764977,0.028750867,CMA-ES
363,14,4,power,0.477144493,0.020810349,CMA-ES
364,17,4,power,0.336407237,0.019032591,CMA-ES
365,14,4,power,0.021886381,0.014289941,CMA-ES
366,15,4,power,0.341333823,0.012864256,CMA-ES
367,11,4,power,0.009513479,0.016223626,CMA-ES
368,13,4,power,0.04744446,0.012697312,CMA-ES
369,4,4,power,0.000963473,0.017913997,CMA-ES
370,16,4,power,0.41393146,0.01257813,CMA-ES
371,8,4,power,0.637857599,0.013036877,CMA-ES
372,5,4,power,0.227444343,0.021205616,CMA-ES
373,10,4,power,0.413186314,0.007222319,CMA-ES
374,10,4,power,0.034731649,0.0070755,CMA-ES
375,13,4,power,0.078368371,0.009846907,CMA-ES
376,17,4,power,0.415424491,0.01396865,CMA-ES
377,17,4,power,0.213245033,0.018793934,CMA-ES
378,11,4,power,0.457844225,0.025187167,CMA-ES
379,9,4,power,0.104822869,0.008865224,CMA-ES
380,7,4,power,0.130353375,0.029864413,CMA-ES
381,15,4,power,0.131651195,0.012994798,CMA-ES
382,9,4,power,0.340413787,0.01927744,CMA-ES
383,18,4,power,0.992352502,0.018507507,CMA-ES
384,12,4,power,0.303273124,0.010864655,CMA-ES
385,9,4,power,0.044387231,0.017779218,CMA-ES
386,15,4,power,0.472670626,0.019412676,CMA-ES
387,8,4,power,0.12979668,0.024018615,CMA-ES
388,12,4,power,0.585547379,0.016903996,CMA-ES
389,16,4,power,0.055279332,0.013894513,CMA-ES
390,4,4,power,0.290997117,0.018308043,CMA-ES
391,16,4,power,0.880748287,0.012692809,CMA-ES
392,10,4,power,0.134992203,0.015829897,CMA-ES
393,8,4,power,0.12426419,0.01697436,CMA-ES
394,9,4,power,0.144393965,0.011709558,CMA-ES
395,17,4,power,0.160034662,0.016677702,CMA-ES
396,17,4,power,0.920319346,0.013526524,CMA-ES
397,10,4,power,0.172051754,0.019728208,CMA-ES
398,11,4,trig,0.666383802,0.02138062,CMA-ES
399,16,4,trig,0.470049921,0.012106627,CMA-ES
400,8,4,trig,0.586742453,0.018056333,CMA-ES
401,12,4,trig,0.575108174,0.014410933,CMA-ES
402,9,4,trig,0.157545743,0.02091723,CMA-ES
403,13,4,trig,0.324767408,0.014081533,CMA-ES
404,15,4,trig,0.745958007,0.017311732,CMA-ES
405,10,4,trig,0.180773784,0.025994277,CMA-ES
406,14,4,trig,0.57289165,0.019525579,CMA-ES
407,11,4,trig,0.403393359,0.014731342,CMA-ES
408,13,4,trig,0.447383681,0.008172182,CMA-ES
409,18,4,trig,0.571837124,0.019938297,CMA-ES
410,8,4,trig,0.243440989,0.021441162,CMA-ES
411,10,4,trig,0.375955076,0.022735715,CMA-ES
412,7,4,trig,0.083381421,0.010885579,CMA-ES
413,17,4,trig,0.569678558,0.016603245,CMA-ES
414,13,4,trig,0.285026448,0.02088268,CMA-ES
415,13,4,trig,0.195733723,0.019715162,CMA-ES
416,6,4,trig,0.684606539,0.01217854,CMA-ES
417,11,4,trig,0.348537495,0.009337512,CMA-ES
418,6,4,trig,-0.047286969,0.02281932,CMA-ES
419,14,4,trig,0.341797117,0.014772449,CMA-ES
420,9,4,trig,0.553764533,0.026562691,CMA-ES
421,7,4,trig,0.881397038,0.020335163,CMA-ES
422,14,4,trig,0.768001958,0.017498016,CMA-ES
423,13,4,trig,0.320517283,0.009735768,CMA-ES
424,9,4,trig,0.082657779,0.021303203,CMA-ES
425,16,4,trig,0.19154268,0.016075879,CMA-ES
426,10,4,trig,0.699319802,0.013014913,CMA-ES
427,13,4,trig,0.482522238,0.017374772,CMA-ES
428,15,4,trig,0.404447134,0.015608867,CMA-ES
429,16,4,trig,0.542191093,0.012235895,CMA-ES
430,7,4,trig,0.199321794,0.019200291,CMA-ES
431,7,4,trig,0.065227958,0.01421942,CMA-ES
432,12,4,trig,0.390751224,0.020659844,CMA-ES
433,9,4,trig,0.084285305,0.019636896,CMA-ES
434,9,4,trig,0.324956664,0.017876228,CMA-ES
435,6,4,trig,0.859374912,0.017544548,CMA-ES
436,13,4,power,0.805761523,0.149512309,L-BFGS-B
437,11,4,power,0.181909774,0.221272555,L-BFGS-B
438,11,4,power,0.179371037,0.221680641,L-BFGS-B
439,12,4,power,0.137920561,0.136936665,L-BFGS-B
440,8,4,power,0.286576183,0.204947263,L-BFGS-B
441,14,4,power,0.549166493,0.138535925,L-BFGS-B
442,18,4,power,0.114404102,0.123319228,L-BFGS-B
443,5,4,power,0.012418698,0.164330053,L-BFGS-B
444,7,4,power,0.852990543,0.156252146,L-BFGS-B
445,13,4,power,0.452047483,0.065261547,L-BFGS-B
446,11,4,power,0.550119724,0.22667874,L-BFGS-B
447,13,4,power,0.076681892,0.132338157,L-BFGS-B
448,8,4,power,0.563724398,0.170913845,L-BFGS-B
449,10,4,power,0.062720256,0.194154096,L-BFGS-B
450,17,4,power,0.196344497,0.11691754,L-BFGS-B
451,16,4,power,0.657619457,0.111546427,L-BFGS-B
452,10,4,power,0.118666837,0.228273797,L-BFGS-B
453,19,4,power,0.373637142,0.155292323,L-BFGS-B
454,12,4,power,0.062226023,0.072811007,L-BFGS-B
455,8,4,power,0.154695209,0.212222397,L-BFGS-B
456,13,4,power,0.463405579,0.218869943,L-BFGS-B
457,10,4,power,0.060776838,0.169288301,L-BFGS-B
458,8,4,power,0.957978203,0.213227719,L-BFGS-B
459,6,4,power,0.001523223,0.153547645,L-BFGS-B
460,4,4,power,0.089437555,0.144447744,L-BFGS-B
461,15,4,power,1.02458379,0.137203471,L-BFGS-B
462,6,4,power,0.76574986,0.146118045,L-BFGS-B
463,13,4,power,0.078226859,0.069354296,L-BFGS-B
464,8,4,power,0.30731802,0.140314758,L-BFGS-B
465,11,4,power,0.259979352,0.107490735,L-BFGS-B
466,8,4,power,0.963930111,0.111683995,L-BFGS-B
467,16,4,power,0.687915189,0.114568576,L-BFGS-B
468,7,4,power,0.027839348,0.166291714,L-BFGS-B
469,11,4,power,0.162494091,0.128941016,L-BFGS-B
470,11,4,power,0.395189801,0.234750921,L-BFGS-B
471,15,4,power,0.595414806,0.120690473,L-BFGS-B
472,12,4,Trig,0.127316316,0.186952074,L-BFGS-B
473,13,4,Trig,0.479706145,0.064716596,L-BFGS-B
474,10,4,Trig,0.104413872,0.191235518,L-BFGS-B
475,19,4,Trig,0.304881573,0.13167232,L-BFGS-B
476,20,4,Trig,0.186492662,0.138506389,L-BFGS-B
477,9,4,Trig,0.367270704,0.211264001,L-BFGS-B
478,7,4,Trig,0.116658579,0.080404827,L-BFGS-B
479,13,4,Trig,0.1924579,0.210958774,L-BFGS-B
480,20,4,Trig,0.772589719,0.13972075,L-BFGS-B
481,8,4,Trig,0.191318492,0.208414257,L-BFGS-B
482,12,4,Trig,0.106179811,0.140254756,L-BFGS-B
483,7,4,Trig,0.29204784,0.194197587,L-BFGS-B
484,12,4,Trig,0.51027839,0.138973256,L-BFGS-B
485,11,4,Trig,0.152174776,0.20260683,L-BFGS-B
486,13,4,Trig,0.306011501,0.217875536,L-BFGS-B
487,6,4,Trig,0.231349505,0.183224479,L-BFGS-B
488,17,4,Trig,0.232323644,0.149992985,L-BFGS-B
489,12,4,Trig,0.699839205,0.049495995,L-BFGS-B
490,11,4,Trig,0.239734072,0.15935965,L-BFGS-B
491,13,4,Trig,0.322328016,0.067992247,L-BFGS-B
492,13,4,Trig,0.180285803,0.174257535,L-BFGS-B
493,5,4,Trig,0.00141981,0.169529819,L-BFGS-B
494,18,4,Trig,0.217176485,0.158922288,L-BFGS-B
495,9,4,Trig,0.061257571,0.12706044,L-BFGS-B
496,16,4,Trig,0.367926102,0.130467817,L-BFGS-B
497,13,4,Trig,0.108412093,0.087752929,L-BFGS-B
498,6,4,Trig,0.279158444,0.0987945,L-BFGS-B
499,19,4,Trig,0.288237995,0.137521154,L-BFGS-B
500,12,4,Trig,0.187832348,0.168022672,L-BFGS-B
501,17,4,Trig,0.238823855,0.120142165,L-BFGS-B
502,10,4,Trig,0.978336718,0.058278894,L-BFGS-B
503,11,4,Trig,0.441600997,0.229131005,L-BFGS-B
504,11,4,Trig,0.199707027,0.155073448,L-BFGS-B
505,12,4,Trig,0.621526379,0.169718822,L-BFGS-B
506,11,4,Trig,0.167313327,0.055629253,L-BFGS-B
507,7,4,Trig,0.096859677,0.203534978,L-BFGS-B
508,19,4,Trig,0.567019743,0.138499636,L-BFGS-B
